{
 "as_of": "2026-06-10",
 "tournament_week_index": 3,
 "actual_elo": {
  "Algeria": 1952.9399165271016,
  "Argentina": 2225.4496628511374,
  "Australia": 1978.6676944556025,
  "Austria": 1913.190513349952,
  "Belgium": 2018.1156669803202,
  "Bosnia and Herzegovina": 1697.6700831039464,
  "Brazil": 2104.777480532865,
  "Canada": 1971.64121440988,
  "Cape Verde": 1683.6760804350847,
  "Colombia": 2105.44596183656,
  "Croatia": 2023.3640651188107,
  "Cura\u00e7ao": 1679.1988513547483,
  "Czech Republic": 1826.7185225142532,
  "DR Congo": 1840.1019395445815,
  "Ecuador": 2154.9275190110075,
  "Egypt": 1882.8793058398091,
  "England": 2182.0173556290943,
  "France": 2204.628251278473,
  "Germany": 2066.5338555020935,
  "Ghana": 1669.2601262893795,
  "Haiti": 1763.2406066184155,
  "Iran": 1933.5410710394171,
  "Iraq": 1833.1827424663654,
  "Ivory Coast": 1879.0534779236941,
  "Japan": 2077.015097206195,
  "Jordan": 1832.4698961260208,
  "Mexico": 2044.1031941887477,
  "Morocco": 2090.012663266777,
  "Netherlands": 2054.6892618977427,
  "New Zealand": 1743.1356443138377,
  "Norway": 2107.924702366334,
  "Panama": 1908.2227749384815,
  "Paraguay": 2039.493820039691,
  "Portugal": 2054.9168583008545,
  "Qatar": 1583.3051853923114,
  "Saudi Arabia": 1732.4610272101017,
  "Scotland": 1923.9278870405738,
  "Senegal": 1983.9140342104831,
  "South Africa": 1673.055956158449,
  "South Korea": 1962.5201973346434,
  "Spain": 2351.172421478159,
  "Sweden": 1804.1433785299596,
  "Switzerland": 2026.7273737192459,
  "Tunisia": 1763.5431708503968,
  "Turkey": 2105.9963378952525,
  "United States": 1868.7317775843258,
  "Uruguay": 2016.3894110603344,
  "Uzbekistan": 1881.4003230656901
 },
 "model_tournament_elo": {
  "Chronos-2": {
   "Algeria": 1946.60693359375,
   "Argentina": 2224.9287109375,
   "Australia": 1979.7852783203125,
   "Austria": 1918.7073974609375,
   "Belgium": 2015.3724365234375,
   "Bosnia and Herzegovina": 1694.461181640625,
   "Brazil": 2110.29443359375,
   "Canada": 1970.4827880859375,
   "Cape Verde": 1680.8323974609375,
   "Colombia": 2106.05126953125,
   "Croatia": 2019.82373046875,
   "Cura\u00e7ao": 1687.93505859375,
   "Czech Republic": 1841.4317626953125,
   "DR Congo": 1841.6864013671875,
   "Ecuador": 2155.450439453125,
   "Egypt": 1883.1585693359375,
   "England": 2182.85205078125,
   "France": 2207.574951171875,
   "Germany": 2074.45751953125,
   "Ghana": 1667.4013671875,
   "Haiti": 1759.609130859375,
   "Iran": 1931.8831787109375,
   "Iraq": 1832.768310546875,
   "Ivory Coast": 1875.460205078125,
   "Japan": 2075.648193359375,
   "Jordan": 1831.75341796875,
   "Mexico": 2039.184326171875,
   "Morocco": 2092.419189453125,
   "Netherlands": 2055.752685546875,
   "New Zealand": 1739.7515869140625,
   "Norway": 2108.69482421875,
   "Panama": 1905.892822265625,
   "Paraguay": 2038.938232421875,
   "Portugal": 2061.46630859375,
   "Qatar": 1584.45263671875,
   "Saudi Arabia": 1735.7139892578125,
   "Scotland": 1934.2144775390625,
   "Senegal": 1985.531494140625,
   "South Africa": 1674.10888671875,
   "South Korea": 1966.052978515625,
   "Spain": 2349.943359375,
   "Sweden": 1800.8905029296875,
   "Switzerland": 2033.6319580078125,
   "Tunisia": 1758.022705078125,
   "Turkey": 2109.03466796875,
   "United States": 1869.31689453125,
   "Uruguay": 2020.0732421875,
   "Uzbekistan": 1879.721435546875
  },
  "TimesFM-2.5": {
   "Algeria": 1944.4344482421875,
   "Argentina": 2226.759521484375,
   "Australia": 1978.656494140625,
   "Austria": 1918.2003173828125,
   "Belgium": 2019.384521484375,
   "Bosnia and Herzegovina": 1700.23681640625,
   "Brazil": 2110.55078125,
   "Canada": 1972.5775146484375,
   "Cape Verde": 1685.9864501953125,
   "Colombia": 2107.181396484375,
   "Croatia": 2025.3697509765625,
   "Cura\u00e7ao": 1679.21337890625,
   "Czech Republic": 1828.624755859375,
   "DR Congo": 1838.65283203125,
   "Ecuador": 2154.113525390625,
   "Egypt": 1880.194580078125,
   "England": 2182.4677734375,
   "France": 2206.6298828125,
   "Germany": 2068.4765625,
   "Ghana": 1671.042724609375,
   "Haiti": 1763.6868896484375,
   "Iran": 1934.403564453125,
   "Iraq": 1831.7265625,
   "Ivory Coast": 1868.5230712890625,
   "Japan": 2079.0087890625,
   "Jordan": 1831.15087890625,
   "Mexico": 2038.122314453125,
   "Morocco": 2093.6728515625,
   "Netherlands": 2056.08154296875,
   "New Zealand": 1748.39013671875,
   "Norway": 2112.1826171875,
   "Panama": 1909.2041015625,
   "Paraguay": 2037.17041015625,
   "Portugal": 2058.30615234375,
   "Qatar": 1580.92919921875,
   "Saudi Arabia": 1736.872314453125,
   "Scotland": 1934.270263671875,
   "Senegal": 1984.7747802734375,
   "South Africa": 1676.2843017578125,
   "South Korea": 1966.40673828125,
   "Spain": 2350.968017578125,
   "Sweden": 1802.9404296875,
   "Switzerland": 2027.2822265625,
   "Tunisia": 1758.2166748046875,
   "Turkey": 2107.5205078125,
   "United States": 1872.6759033203125,
   "Uruguay": 2016.250732421875,
   "Uzbekistan": 1878.5577392578125
  },
  "FlowState": {
   "Algeria": 1942.8037109375,
   "Argentina": 2228.6328125,
   "Australia": 1974.2718505859375,
   "Austria": 1923.2943115234375,
   "Belgium": 2028.286376953125,
   "Bosnia and Herzegovina": 1695.5277099609375,
   "Brazil": 2113.37841796875,
   "Canada": 1974.619140625,
   "Cape Verde": 1675.1610107421875,
   "Colombia": 2123.15576171875,
   "Croatia": 2025.484130859375,
   "Cura\u00e7ao": 1676.8580322265625,
   "Czech Republic": 1850.8724365234375,
   "DR Congo": 1804.4036865234375,
   "Ecuador": 2159.517578125,
   "Egypt": 1870.069091796875,
   "England": 2183.508544921875,
   "France": 2214.694580078125,
   "Germany": 2076.927490234375,
   "Ghana": 1677.6287841796875,
   "Haiti": 1766.291748046875,
   "Iran": 1956.7049560546875,
   "Iraq": 1818.493896484375,
   "Ivory Coast": 1863.18310546875,
   "Japan": 2075.67529296875,
   "Jordan": 1823.05322265625,
   "Mexico": 2038.604248046875,
   "Morocco": 2092.71240234375,
   "Netherlands": 2060.097900390625,
   "New Zealand": 1723.67626953125,
   "Norway": 2119.46728515625,
   "Panama": 1912.046630859375,
   "Paraguay": 2038.054931640625,
   "Portugal": 2066.268310546875,
   "Qatar": 1582.56982421875,
   "Saudi Arabia": 1741.798095703125,
   "Scotland": 1934.825927734375,
   "Senegal": 1976.81494140625,
   "South Africa": 1680.4324951171875,
   "South Korea": 1962.18798828125,
   "Spain": 2353.4091796875,
   "Sweden": 1788.35595703125,
   "Switzerland": 2024.952880859375,
   "Tunisia": 1753.25634765625,
   "Turkey": 2112.925048828125,
   "United States": 1869.486083984375,
   "Uruguay": 2016.77001953125,
   "Uzbekistan": 1875.746337890625
  }
 },
 "model_champion_probs": {}
}